turn_num,op_name,my_hp,op_hp,my_type1,my_type2,op_type1,op_type2,my_status,op_status,my_speed,op_speedwin
turn1,Double Slap,Bulbasaur,111.0,75.0,Normal,,Grass,Poison,0,0,1755,2255,True
turn2,Double Slap,Bulbasaur,94.0,55.0,Normal,,Grass,Poison,0,0,1755,2255,True
turn3,Double Slap,Bulbasaur,75.0,11.0,Normal,,Grass,Poison,0,0,1755,2255,True
turn4,Double Slap,Bulbasaur,57.0,-11.0,Normal,,Grass,Poison,0,0,1755,2255,True
turn1,Double Slap,Ivysaur,122,93.0,Normal,,Grass,Poison,0,0,1755,3005,True
turn2,Double Slap,Ivysaur,92.0,77.0,Normal,,Grass,Poison,3,0,1755,3005,True
turn3,Double Slap,Ivysaur,63.0,53.0,Normal,,Grass,Poison,3,0,1755,3005,True
turn4,Double Slap,Ivysaur,34.0,17.0,Normal,,Grass,Poison,3,0,1755,3005,True
turn5,Double Slap,Ivysaur,11.0,-10.0,Normal,,Grass,Poison,3,0,1755,3005,True
turn1,Double Slap,Venusaur,75.0,126.0,Normal,,Grass,Poison,0,0,1755,4005,False
turn2,Double Slap,Venusaur,16.0,105.0,Normal,,Grass,Poison,0,0,1755,4005,False
turn3,Double Slap,Venusaur,-44.0,105.0,Normal,,Grass,Poison,0,0,1755,4005,False
turn1,Double Slap,Charmander,96.0,77.0,Normal,,Fire,,0,0,1755,3255,True
turn2,Double Slap,Charmander,62.0,41.0,Normal,,Fire,,2,0,1755,3255,True
turn3,Double Slap,Charmander,36.0,-19.0,Normal,,Fire,,2,0,1755,3255,True
turn1,Double Slap,Charmeleon,87.0,78.0,Normal,,Fire,,0,0,1755,4005,False
turn2,Double Slap,Charmeleon,44.0,38.0,Normal,,Fire,,2,0,1755,4005,False
turn3,Double Slap,Charmeleon,3.0,8.0,Normal,,Fire,,2,0,1755,4005,False
turn4,Double Slap,Charmeleon,-29.0,8.0,Normal,,Fire,,2,0,1755,4005,False
turn1,Double Slap,Charizard,81.0,124.0,Normal,,Fire,Flying,0,0,1755,5005,False
turn2,Double Slap,Charizard,36.0,108.0,Normal,,Fire,Flying,0,0,1755,5005,False
turn3,Double Slap,Charizard,-12.0,108.0,Normal,,Fire,Flying,0,0,1755,5005,False
turn1,Double Slap,Squirtle,79.0,77.0,Normal,,Water,,0,0,1755,2155,False
turn2,Double Slap,Squirtle,25.0,59.0,Normal,,Water,,0,0,1755,2155,False
turn3,Double Slap,Squirtle,-33.0,59.0,Normal,,Water,,0,0,1755,2155,False
turn1,Double Slap,Wartortle,60.0,105.0,Normal,,Water,,0,0,1755,2905,False
turn2,Double Slap,Wartortle,-8.0,105.0,Normal,,Water,,0,0,1755,2905,False
turn1,Double Slap,Blastoise,33.0,127.0,Normal,,Water,,0,0,1755,3905,False
turn2,Double Slap,Blastoise,-62.0,127.0,Normal,,Water,,0,0,1755,3905,False
turn1,Double Slap,Caterpie,118.0,79.0,Normal,,Bug,,0,0,1755,2255,True
turn2,Double Slap,Caterpie,106.0,37.0,Normal,,Bug,,0,0,1755,2255,True
turn3,Double Slap,Caterpie,94.0,-23.0,Normal,,Bug,,0,0,1755,2255,True
turn1,Double Slap,Metapod,122.0,90.0,Normal,,Bug,,0,0,1755,1505,True
turn2,Double Slap,Metapod,114.0,70.0,Normal,,Bug,,0,0,1755,1505,True
turn3,Double Slap,Metapod,106.0,52.0,Normal,,Bug,,0,0,1755,1505,True
turn4,Double Slap,Metapod,97.0,32.0,Normal,,Bug,,0,0,1755,1505,True
turn5,Double Slap,Metapod,89.0,14.0,Normal,,Bug,,0,0,1755,1505,True
turn6,Double Slap,Metapod,89.0,-26.0,Normal,,Bug,,0,0,1755,1505,True
turn1,Double Slap,Butterfree,130,120,Normal,,Bug,Flying,0,0,1755,3505,False
turn2,Double Slap,Butterfree,91.0,120,Normal,,Bug,Flying,1,0,1755,3505,False
turn3,Double Slap,Butterfree,55.0,120,Normal,,Bug,Flying,1,0,1755,3505,False
turn4,Double Slap,Butterfree,16.0,120,Normal,,Bug,Flying,1,0,1755,3505,False
turn5,Double Slap,Butterfree,-24.0,120,Normal,,Bug,Flying,1,0,1755,3505,False
turn1,Double Slap,Weedle,122.0,25.0,Normal,,Bug,Poison,0,0,1755,2505,True
turn2,Double Slap,Weedle,113.0,-26.0,Normal,,Bug,Poison,0,0,1755,2505,True
turn1,Double Slap,Kakuna,121.0,85.0,Normal,,Bug,Poison,0,0,1755,1755,True
turn2,Double Slap,Kakuna,110.0,30.0,Normal,,Bug,Poison,0,0,1755,1755,True
turn3,Double Slap,Kakuna,100.0,-3.0,Normal,,Bug,Poison,0,0,1755,1755,True
turn1,Double Slap,Beedrill,46.0,55.0,Normal,,Bug,Poison,0,0,1755,3755,False
turn2,Double Slap,Beedrill,-18.0,55.0,Normal,,Bug,Poison,0,0,1755,3755,False
turn1,Double Slap,Pidgey,93.0,48.0,Normal,,Normal,Flying,0,0,1755,2805,True
turn2,Double Slap,Pidgey,56.0,9.0,Normal,,Normal,Flying,0,0,1755,2805,True
turn3,Double Slap,Pidgey,17.0,-27.0,Normal,,Normal,Flying,0,0,1755,2805,True
turn1,Double Slap,Pidgeotto,85.0,103.0,Normal,,Normal,Flying,0,0,1755,3555,False
turn2,Double Slap,Pidgeotto,34.0,67.0,Normal,,Normal,Flying,0,0,1755,3555,False
turn3,Double Slap,Pidgeotto,-18.0,67.0,Normal,,Normal,Flying,0,0,1755,3555,False
turn1,Double Slap,Pidgeot,70.0,103.0,Normal,,Normal,Flying,0,0,1755,5055,False
turn2,Double Slap,Pidgeot,11.0,63.0,Normal,,Normal,Flying,0,0,1755,5055,False
turn3,Double Slap,Pidgeot,-49.0,63.0,Normal,,Normal,Flying,0,0,1755,5055,False
turn1,Double Slap,Rattata,71.0,45.0,Normal,,Normal,,0,0,1755,3605,False
turn2,Double Slap,Rattata,7.0,3.0,Normal,,Normal,,0,0,1755,3605,False
turn3,Double Slap,Rattata,-53.0,3.0,Normal,,Normal,,0,0,1755,3605,False
turn1,Double Slap,Raticate,44.0,88.0,Normal,,Normal,,0,0,1755,4855,False
turn2,Double Slap,Raticate,-45.0,88.0,Normal,,Normal,,0,0,1755,4855,False
turn1,Double Slap,Spearow,63.0,68.0,Normal,,Normal,Flying,0,0,1755,3505,False
turn2,Double Slap,Spearow,1.0,36.0,Normal,,Normal,Flying,0,0,1755,3505,False
turn3,Double Slap,Spearow,-65.0,36.0,Normal,,Normal,Flying,0,0,1755,3505,False
turn1,Double Slap,Fearow,29.0,98.0,Normal,,Normal,Flying,0,0,1755,5005,False
turn2,Double Slap,Fearow,-70.0,98.0,Normal,,Normal,Flying,0,0,1755,5005,False
turn1,Double Slap,Ekans,97.0,71.0,Normal,,Poison,,0,0,1755,2755,True
turn2,Double Slap,Ekans,68.0,47.0,Normal,,Poison,,0,0,1755,2755,True
turn3,Double Slap,Ekans,36.0,8.0,Normal,,Poison,,0,0,1755,2755,True
turn4,Double Slap,Ekans,5.0,-28.0,Normal,,Poison,,0,0,1755,2755,True
turn1,Double Slap,Arbok,87.0,88.0,Normal,,Poison,,0,0,1755,4005,False
turn2,Double Slap,Arbok,42.0,61.0,Normal,,Poison,,0,0,1755,4005,False
turn3,Double Slap,Arbok,-3.0,61.0,Normal,,Poison,,0,0,1755,4005,False
turn1,Double Slap,Pikachu,105.0,59.0,Normal,,Electric,,0,0,1755,4505,True
turn2,Double Slap,Pikachu,79.0,23.0,Normal,,Electric,,0,0,1755,4505,True
turn3,Double Slap,Pikachu,54.0,-16.0,Normal,,Electric,,0,0,1755,4505,True
turn1,Double Slap,Raichu,80.0,90.0,Normal,,Electric,,0,0,1755,5505,False
turn2,Double Slap,Raichu,33.0,60.0,Normal,,Electric,,0,0,1755,5505,False
turn3,Double Slap,Raichu,-15.0,60.0,Normal,,Electric,,0,0,1755,5505,False
turn1,Double Slap,Sandshrew,82.0,96.0,Normal,,Ground,,0,0,1755,2005,False
turn2,Double Slap,Sandshrew,38.0,82.0,Normal,,Ground,,0,0,1755,2005,False
turn3,Double Slap,Sandshrew,-9.0,82.0,Normal,,Ground,,0,0,1755,2005,False
turn1,Double Slap,Sandslash,70.0,111.0,Normal,,Ground,,0,0,1755,3255,False
turn2,Double Slap,Sandslash,9.0,99.0,Normal,,Ground,,0,0,1755,3255,False
turn3,Double Slap,Sandslash,-49.0,99.0,Normal,,Ground,,0,0,1755,3255,False
turn1,Double Slap,Nidoran♀,76.0,95.0,Normal,,Poison,,0,0,1755,2055,False
turn2,Double Slap,Nidoran♀,26.0,75.0,Normal,,Poison,,0,0,1755,2055,False
turn3,Double Slap,Nidoran♀,-30.0,75.0,Normal,,Poison,,0,0,1755,2055,False
turn1,Double Slap,Nidorina,64.0,114.0,Normal,,Poison,,0,0,1755,2805,False
turn2,Double Slap,Nidorina,-12.0,114.0,Normal,,Poison,,0,0,1755,2805,False
turn1,Double Slap,Nidoqueen,63.0,136.0,Normal,,Poison,Ground,0,0,1755,3805,False
turn2,Double Slap,Nidoqueen,0.0,136.0,Normal,,Poison,Ground,0,0,1755,3805,False
turn1,Double Slap,Nidoran♂,66.0,80.0,Normal,,Poison,,0,0,1755,2505,False
turn2,Double Slap,Nidoran♂,-2.0,80.0,Normal,,Poison,,0,0,1755,2505,False
turn1,Double Slap,Nidorino,52.0,91.0,Normal,,Poison,,0,0,1755,3255,False
turn2,Double Slap,Nidorino,-30.0,91.0,Normal,,Poison,,0,0,1755,3255,False
turn1,Double Slap,Nidoking,28.0,120.0,Normal,,Poison,Ground,0,0,1755,4255,False
turn2,Double Slap,Nidoking,-69.0,120.0,Normal,,Poison,Ground,0,0,1755,4255,False
turn1,Double Slap,Clefairy,97.0,90.0,Normal,,Normal,,0,0,1755,1755,True
turn2,Double Slap,Clefairy,67.0,57.0,Normal,,Normal,,0,0,1755,1755,True
turn3,Double Slap,Clefairy,47.0,24.0,Normal,,Normal,,0,0,1755,1755,True
turn4,Double Slap,Clefairy,17.0,-9.0,Normal,,Normal,,0,0,1755,1755,True
turn1,Double Slap,Clefable,130,155,Normal,,Normal,,0,0,1755,3005,False
turn2,Double Slap,Clefable,74.0,155,Normal,,Normal,,1,0,1755,3005,False
turn3,Double Slap,Clefable,29.0,155,Normal,,Normal,,1,0,1755,3005,False
turn4,Double Slap,Clefable,-51.0,155,Normal,,Normal,,1,0,1755,3005,False
turn1,Double Slap,Vulpix,109.0,74.0,Normal,,Fire,,0,0,1755,3255,True
turn2,Double Slap,Vulpix,86.0,38.0,Normal,,Fire,,0,0,1755,3255,True
turn3,Double Slap,Vulpix,65.0,-1.0,Normal,,Fire,,0,0,1755,3255,True
turn1,Double Slap,Ninetales,114.0,119.0,Normal,,Fire,,0,0,1755,5005,False
turn2,Double Slap,Ninetales,97.0,103.0,Normal,,Fire,,0,0,1755,5005,False
turn3,Double Slap,Ninetales,81.0,87.0,Normal,,Fire,,0,0,1755,5005,False
turn4,Double Slap,Ninetales,64.0,73.0,Normal,,Fire,,0,0,1755,5005,False
turn5,Double Slap,Ninetales,39.0,57.0,Normal,,Fire,,0,0,1755,5005,False
turn6,Double Slap,Ninetales,15.0,41.0,Normal,,Fire,,2,0,1755,5005,False
turn7,Double Slap,Ninetales,0.0,41.0,Normal,,Fire,,2,0,1755,5005,False
turn1,Double Slap,Jigglypuff,64.0,129.0,Normal,,Normal,,0,0,1755,1005,False
turn2,Double Slap,Jigglypuff,-7.0,60.0,Normal,,Normal,,0,0,1755,1005,False
turn1,Double Slap,Wigglytuff,130,200,Normal,,Normal,,0,0,1755,2255,False
turn2,Double Slap,Wigglytuff,70.0,200,Normal,,Normal,,1,0,1755,2255,False
turn3,Double Slap,Wigglytuff,40.0,200,Normal,,Normal,,1,0,1755,2255,False
turn4,Double Slap,Wigglytuff,-24.0,200,Normal,,Normal,,1,0,1755,2255,False
turn1,Double Slap,Zubat,94.0,61.0,Normal,,Poison,Flying,0,0,1755,2755,True
turn2,Double Slap,Zubat,59.0,33.0,Normal,,Poison,Flying,0,0,1755,2755,True
turn3,Double Slap,Zubat,23.0,-9.0,Normal,,Poison,Flying,0,0,1755,2755,True
turn1,Double Slap,Golbat,70.0,103.0,Normal,,Poison,Flying,0,0,1755,4505,False
turn2,Double Slap,Golbat,3.0,67.0,Normal,,Poison,Flying,0,0,1755,4505,False
turn3,Double Slap,Golbat,-65.0,67.0,Normal,,Poison,Flying,0,0,1755,4505,False
turn1,Double Slap,Oddish,86.0,60.0,Normal,,Grass,Poison,0,0,1755,1505,True
turn2,Double Slap,Oddish,43.0,20.0,Normal,,Grass,Poison,0,0,1755,1505,True
turn3,Double Slap,Oddish,43.0,-10.0,Normal,,Grass,Poison,0,0,1755,1505,True
turn1,Double Slap,Gloom,80.0,80.0,Normal,,Grass,Poison,0,0,1755,2005,False
turn2,Double Slap,Gloom,34.0,53.0,Normal,,Grass,Poison,0,0,1755,2005,False
turn3,Double Slap,Gloom,-12.0,53.0,Normal,,Grass,Poison,0,0,1755,2005,False
turn1,Double Slap,Vileplume,130,135,Normal,,Grass,Poison,0,0,1755,2505,False
turn2,Double Slap,Vileplume,109.0,135,Normal,,Grass,Poison,1,0,1755,2505,False
turn3,Double Slap,Vileplume,89.0,135,Normal,,Grass,Poison,1,0,1755,2505,False
turn4,Double Slap,Vileplume,68.0,135,Normal,,Grass,Poison,1,0,1755,2505,False
turn5,Double Slap,Vileplume,48.0,135,Normal,,Grass,Poison,1,0,1755,2505,False
turn6,Double Slap,Vileplume,48.0,135,Normal,,Grass,Poison,0,0,1755,2505,False
turn7,Double Slap,Vileplume,26.0,135,Normal,,Grass,Poison,1,0,1755,2505,False
turn8,Double Slap,Vileplume,6.0,135,Normal,,Grass,Poison,1,0,1755,2505,False
turn9,Double Slap,Vileplume,-15.0,135,Normal,,Grass,Poison,1,0,1755,2505,False
turn1,Double Slap,Paras,51.0,95,Normal,,Bug,Grass,0,0,1755,1255,False
turn2,Double Slap,Paras,-23.0,95,Normal,,Bug,Grass,0,0,1755,1255,False
turn1,Double Slap,Parasect,30.0,120,Normal,,Bug,Grass,0,0,1755,1505,False
turn2,Double Slap,Parasect,-61.0,120,Normal,,Bug,Grass,0,0,1755,1505,False
turn1,Double Slap,Venonat,130,120,Normal,,Bug,Poison,0,0,1755,2255,False
turn2,Double Slap,Venonat,107.0,120,Normal,,Bug,Poison,1,0,1755,2255,False
turn3,Double Slap,Venonat,82.0,120,Normal,,Bug,Poison,1,0,1755,2255,False
turn4,Double Slap,Venonat,82.0,120,Normal,,Bug,Poison,0,0,1755,2255,False
turn5,Double Slap,Venonat,60.0,120,Normal,,Bug,Poison,1,0,1755,2255,False
turn6,Double Slap,Venonat,60.0,120,Normal,,Bug,Poison,0,0,1755,2255,False
turn7,Double Slap,Venonat,37.0,120,Normal,,Bug,Poison,1,0,1755,2255,False
turn8,Double Slap,Venonat,37.0,120,Normal,,Bug,Poison,0,0,1755,2255,False
turn9,Double Slap,Venonat,14.0,120,Normal,,Bug,Poison,1,0,1755,2255,False
turn10,Double Slap,Venonat,-11.0,120,Normal,,Bug,Poison,1,0,1755,2255,False
turn1,Double Slap,Venomoth,130,130,Normal,,Bug,Poison,0,0,1755,4505,False
turn2,Double Slap,Venomoth,82.0,130,Normal,,Bug,Poison,1,0,1755,4505,False
turn3,Double Slap,Venomoth,30.0,130,Normal,,Bug,Poison,1,0,1755,4505,False
turn4,Double Slap,Venomoth,30.0,130,Normal,,Bug,Poison,0,0,1755,4505,False
turn5,Double Slap,Venomoth,-18.0,130,Normal,,Bug,Poison,1,0,1755,4505,False
turn1,Double Slap,Diglett,60.0,16.0,Normal,,Ground,,0,0,1755,4755,False
turn2,Double Slap,Diglett,-15.0,16.0,Normal,,Ground,,0,0,1755,4755,False
turn1,Double Slap,Dugtrio,32.0,65.0,Normal,,Ground,,0,0,1755,6005,False
turn2,Double Slap,Dugtrio,-72.0,65.0,Normal,,Ground,,0,0,1755,6005,False
turn1,Double Slap,Meowth,91.0,72.0,Normal,,Normal,,0,0,1755,4505,True
turn2,Double Slap,Meowth,54.0,20.0,Normal,,Normal,,0,0,1755,4505,True
turn3,Double Slap,Meowth,18.0,-22.0,Normal,,Normal,,0,0,1755,4505,True
turn1,Double Slap,Persian,62.0,101.0,Normal,,Normal,,0,0,1755,5755,False
turn2,Double Slap,Persian,-5.0,101.0,Normal,,Normal,,0,0,1755,5755,False
turn1,Double Slap,Psyduck,116.0,88.0,Normal,,Water,,0,0,1755,2755,True
turn2,Double Slap,Psyduck,102.0,48.0,Normal,,Water,,0,0,1755,2755,True
turn3,Double Slap,Psyduck,90.0,15.0,Normal,,Water,,0,0,1755,2755,True
turn4,Double Slap,Psyduck,77.0,-18.0,Normal,,Water,,0,0,1755,2755,True
turn1,Double Slap,Golduck,72.0,126.0,Normal,,Water,,0,0,1755,4255,False
turn2,Double Slap,Golduck,15.0,94.0,Normal,,Water,,0,0,1755,4255,False
turn3,Double Slap,Golduck,-36.0,94.0,Normal,,Water,,0,0,1755,4255,False
turn1,Double Slap,Mankey,16.0,74.0,Normal,,Fighting,,0,0,1755,3505,False
turn2,Double Slap,Mankey,-84.0,74.0,Normal,,Fighting,,0,0,1755,3505,False
turn1,Double Slap,Primeape,16.0,107.0,Normal,,Fighting,,0,0,1755,4755,False
turn2,Double Slap,Primeape,-84.0,107.0,Normal,,Fighting,,0,0,1755,4755,False
turn1,Double Slap,Growlithe,79.0,57.0,Normal,,Fire,,0,0,1755,3005,True
turn2,Double Slap,Growlithe,24.0,-14.0,Normal,,Fire,,0,0,1755,3005,True
turn1,Double Slap,Arcanine,89.0,99.0,Normal,,Fire,,0,0,1755,4755,False
turn2,Double Slap,Arcanine,37.0,56.0,Normal,,Fire,,0,0,1755,4755,False
turn3,Double Slap,Arcanine,-8.0,56.0,Normal,,Fire,,2,0,1755,4755,False
turn1,Double Slap,Poliwag,130,100,Normal,,Water,,0,0,1755,4505,False
turn2,Double Slap,Poliwag,91.0,100,Normal,,Water,,1,0,1755,4505,False
turn3,Double Slap,Poliwag,55.0,100,Normal,,Water,,1,0,1755,4505,False
turn4,Double Slap,Poliwag,18.0,100,Normal,,Water,,1,0,1755,4505,False
turn5,Double Slap,Poliwag,-22.0,100,Normal,,Water,,1,0,1755,4505,False
turn1,Double Slap,Poliwhirl,85.0,109.0,Normal,,Water,,0,0,1755,4505,False
turn2,Double Slap,Poliwhirl,38.0,64.0,Normal,,Water,,0,0,1755,4505,False
turn3,Double Slap,Poliwhirl,-11.0,64.0,Normal,,Water,,0,0,1755,4505,False
turn1,Double Slap,Poliwrath,130,150,Normal,,Water,Fighting,0,0,1755,3505,False
turn2,Double Slap,Poliwrath,57.0,150,Normal,,Water,Fighting,1,0,1755,3505,False
turn3,Double Slap,Poliwrath,-13.0,150,Normal,,Water,Fighting,1,0,1755,3505,False
turn1,Double Slap,Abra,130,-8.0,Normal,,Psychic,,0,0,1755,4505,True
turn1,Double Slap,Kadabra,49.0,68.0,Normal,,Psychic,,0,0,1755,5255,False
turn2,Double Slap,Kadabra,-32.0,68.0,Normal,,Psychic,,0,0,1755,5255,False
turn1,Double Slap,Alakazam,10.0,79.0,Normal,,Psychic,,0,0,1755,6005,False
turn2,Double Slap,Alakazam,-114.0,79.0,Normal,,Psychic,,0,0,1755,6005,False
turn1,Double Slap,Machop,26.0,108.0,Normal,,Fighting,,0,0,1755,1755,False
turn2,Double Slap,Machop,-85.0,108.0,Normal,,Fighting,,0,0,1755,1755,False
turn1,Double Slap,Machoke,4.0,116.0,Normal,,Fighting,,0,0,1755,2255,False
turn2,Double Slap,Machoke,-124.0,116.0,Normal,,Fighting,,0,0,1755,2255,False
turn1,Double Slap,Machamp,-27.0,150,Normal,,Fighting,,0,0,1755,2755,False
turn1,Double Slap,Bellsprout,122,65.0,Normal,,Grass,Poison,0,0,1755,2005,True
turn2,Double Slap,Bellsprout,93.0,37.0,Normal,,Grass,Poison,3,0,1755,2005,True
turn3,Double Slap,Bellsprout,64.0,11.0,Normal,,Grass,Poison,3,0,1755,2005,True
turn4,Double Slap,Bellsprout,42.0,-28.0,Normal,,Grass,Poison,3,0,1755,2005,True
turn1,Double Slap,Weepinbell,122,70.0,Normal,,Grass,Poison,0,0,1755,2755,False
turn2,Double Slap,Weepinbell,56.0,37.0,Normal,,Grass,Poison,3,0,1755,2755,False
turn3,Double Slap,Weepinbell,-7.0,37.0,Normal,,Grass,Poison,3,0,1755,2755,False
turn1,Double Slap,Victreebel,60.0,104.0,Normal,,Grass,Poison,0,0,1755,3505,False
turn2,Double Slap,Victreebel,-10.0,104.0,Normal,,Grass,Poison,0,0,1755,3505,False
turn1,Double Slap,Tentacool,106.0,100,Normal,,Water,Poison,0,0,1755,3505,False
turn2,Double Slap,Tentacool,86.0,70.0,Normal,,Water,Poison,5,0,1755,3505,False
turn3,Double Slap,Tentacool,65.0,28.0,Normal,,Water,Poison,5,0,1755,3505,False
turn4,Double Slap,Tentacool,21.0,28.0,Normal,,Water,Poison,5,0,1755,3505,False
turn5,Double Slap,Tentacool,-1.0,28.0,Normal,,Water,Poison,5,0,1755,3505,False
turn1,Double Slap,Tentacruel,122,116.0,Normal,,Water,Poison,0,0,1755,5005,False
turn2,Double Slap,Tentacruel,88.0,71.0,Normal,,Water,Poison,3,0,1755,5005,False
turn3,Double Slap,Tentacruel,53.0,55.0,Normal,,Water,Poison,3,0,1755,5005,False
turn4,Double Slap,Tentacruel,20.0,31.0,Normal,,Water,Poison,3,0,1755,5005,False
turn5,Double Slap,Tentacruel,-4.0,31.0,Normal,,Water,Poison,3,0,1755,5005,False
turn1,Double Slap,Geodude,80.0,88.0,Normal,,Rock,Ground,0,0,1755,1005,False
turn2,Double Slap,Geodude,26.0,82.0,Normal,,Rock,Ground,0,0,1755,1005,False
turn3,Double Slap,Geodude,-26.0,76.0,Normal,,Rock,Ground,0,0,1755,1005,False
turn1,Double Slap,Graveler,33.0,109.0,Normal,,Rock,Ground,0,0,1755,1755,False
turn2,Double Slap,Graveler,-67.0,109.0,Normal,,Rock,Ground,0,0,1755,1755,False
turn1,Double Slap,Golem,-12.0,140,Normal,,Rock,Ground,0,0,1755,2255,False
turn1,Double Slap,Ponyta,80.0,92.0,Normal,,Fire,,0,0,1755,4505,False
turn2,Double Slap,Ponyta,33.0,52.0,Normal,,Fire,,0,0,1755,4505,False
turn3,Double Slap,Ponyta,-12.0,52.0,Normal,,Fire,,0,0,1755,4505,False
turn1,Double Slap,Rapidash,77.0,89.0,Normal,,Fire,,0,0,1755,5255,False
turn2,Double Slap,Rapidash,23.0,71.0,Normal,,Fire,,0,0,1755,5255,False
turn3,Double Slap,Rapidash,-37.0,71.0,Normal,,Fire,,0,0,1755,5255,False
turn1,Double Slap,Slowpoke,109.0,123.0,Normal,,Water,Psychic,0,0,1755,755,True
turn2,Double Slap,Slowpoke,86.0,105.0,Normal,,Water,Psychic,0,0,1755,755,True
turn3,Double Slap,Slowpoke,66.0,69.0,Normal,,Water,Psychic,0,0,1755,755,True
turn4,Double Slap,Slowpoke,43.0,53.0,Normal,,Water,Psychic,0,0,1755,755,True
turn5,Double Slap,Slowpoke,23.0,8.0,Normal,,Water,Psychic,0,0,1755,755,True
turn6,Double Slap,Slowpoke,23.0,-28.0,Normal,,Water,Psychic,0,0,1755,755,True
turn1,Double Slap,Slowbro,82.0,141.0,Normal,,Water,Psychic,0,0,1755,1505,False
turn2,Double Slap,Slowbro,32.0,129.0,Normal,,Water,Psychic,0,0,1755,1505,False
turn3,Double Slap,Slowbro,-18.0,111.0,Normal,,Water,Psychic,0,0,1755,1505,False
turn1,Double Slap,Magnemite,130,67.0,Normal,,Electric,,0,0,1755,2255,False
turn2,Double Slap,Magnemite,83.0,67.0,Normal,,Electric,,5,0,1755,2255,False
turn3,Double Slap,Magnemite,65.0,43.0,Normal,,Electric,,5,0,1755,2255,False
turn4,Double Slap,Magnemite,20.0,43.0,Normal,,Electric,,5,0,1755,2255,False
turn5,Double Slap,Magnemite,-25.0,43.0,Normal,,Electric,,5,0,1755,2255,False
turn1,Double Slap,Magneton,74.0,92.0,Normal,,Electric,,0,0,1755,3505,False
turn2,Double Slap,Magneton,25.0,71.0,Normal,,Electric,,0,0,1755,3505,False
turn3,Double Slap,Magneton,-27.0,71.0,Normal,,Electric,,0,0,1755,3505,False
turn1,Double Slap,Farfetch'd,68.0,82.0,Normal,,Normal,Flying,0,0,1755,3005,False
turn2,Double Slap,Farfetch'd,6.0,64.0,Normal,,Normal,Flying,0,0,1755,3005,False
turn3,Double Slap,Farfetch'd,-54.0,64.0,Normal,,Normal,Flying,0,0,1755,3005,False
turn1,Double Slap,Doduo,82.0,62.0,Normal,,Normal,Flying,0,0,1755,3755,False
turn2,Double Slap,Doduo,36.0,29.0,Normal,,Normal,Flying,0,0,1755,3755,False
turn3,Double Slap,Doduo,-7.0,29.0,Normal,,Normal,Flying,0,0,1755,3755,False
turn1,Double Slap,Dodrio,17.0,104.0,Normal,,Normal,Flying,0,0,1755,5005,False
turn2,Double Slap,Dodrio,-99.0,104.0,Normal,,Normal,Flying,0,0,1755,5005,False
turn1,Double Slap,Seel,118.0,98.0,Normal,,Water,,0,0,1755,2255,True
turn2,Double Slap,Seel,105.0,78.0,Normal,,Water,,0,0,1755,2255,True
turn3,Double Slap,Seel,93.0,58.0,Normal,,Water,,0,0,1755,2255,True
turn4,Double Slap,Seel,80.0,38.0,Normal,,Water,,0,0,1755,2255,True
turn5,Double Slap,Seel,66.0,-12.0,Normal,,Water,,0,0,1755,2255,True
turn1,Double Slap,Dewgong,95.0,134.0,Normal,,Water,Ice,0,0,1755,3505,False
turn2,Double Slap,Dewgong,59.0,94.0,Normal,,Water,Ice,0,0,1755,3505,False
turn3,Double Slap,Dewgong,24.0,78.0,Normal,,Water,Ice,0,0,1755,3505,False
turn4,Double Slap,Dewgong,-14.0,78.0,Normal,,Water,Ice,0,0,1755,3505,False
turn1,Double Slap,Grimer,104.0,120.0,Normal,,Poison,,0,0,1755,1255,False
turn2,Double Slap,Grimer,78.0,98.0,Normal,,Poison,,0,0,1755,1255,False
turn3,Double Slap,Grimer,50.0,65.0,Normal,,Poison,,0,0,1755,1255,False
turn4,Double Slap,Grimer,22.0,45.0,Normal,,Poison,,0,0,1755,1255,False
turn5,Double Slap,Grimer,-6.0,23.0,Normal,,Poison,,0,0,1755,1255,False
turn1,Double Slap,Muk,27.0,125.0,Normal,,Poison,,0,0,1755,2505,False
turn2,Double Slap,Muk,-76.0,125.0,Normal,,Poison,,0,0,1755,2505,False
turn1,Double Slap,Shellder,103.0,90,Normal,,Water,,0,0,1755,2005,False
turn2,Double Slap,Shellder,68.0,90,Normal,,Water,,5,0,1755,2005,False
turn3,Double Slap,Shellder,34.0,90,Normal,,Water,,5,0,1755,2005,False
turn4,Double Slap,Shellder,24.0,66.0,Normal,,Water,,5,0,1755,2005,False
turn5,Double Slap,Shellder,-13.0,66.0,Normal,,Water,,5,0,1755,2005,False
turn1,Double Slap,Cloyster,91.0,90.0,Normal,,Water,Ice,0,0,1755,3505,False
turn2,Double Slap,Cloyster,52.0,78.0,Normal,,Water,Ice,0,0,1755,3505,False
turn3,Double Slap,Cloyster,18.0,58.0,Normal,,Water,Ice,0,0,1755,3505,False
turn4,Double Slap,Cloyster,-22.0,58.0,Normal,,Water,Ice,0,0,1755,3505,False
turn1,Double Slap,Gastly,130,90.0,Normal,,Ghost,Poison,0,0,1755,4005,False
turn2,Double Slap,Gastly,55.0,90.0,Normal,,Ghost,Poison,5,0,1755,4005,False
turn3,Double Slap,Gastly,5.0,90.0,Normal,,Ghost,Poison,5,0,1755,4005,False
turn4,Double Slap,Gastly,-45.0,90.0,Normal,,Ghost,Poison,5,0,1755,4005,False
turn1,Double Slap,Haunter,105.0,105,Normal,,Ghost,Poison,0,0,1755,4755,False
turn2,Double Slap,Haunter,31.0,105,Normal,,Ghost,Poison,5,0,1755,4755,False
turn3,Double Slap,Haunter,-19.0,105,Normal,,Ghost,Poison,5,0,1755,4755,False
turn1,Double Slap,Gengar,103.0,120,Normal,,Ghost,Poison,0,0,1755,5505,False
turn2,Double Slap,Gengar,53.0,120.0,Normal,,Ghost,Poison,5,0,1755,5505,False
turn3,Double Slap,Gengar,3.0,120.0,Normal,,Ghost,Poison,5,0,1755,5505,False
turn4,Double Slap,Gengar,-47.0,120.0,Normal,,Ghost,Poison,5,0,1755,5505,False
turn1,Double Slap,Onix,74.0,89.0,Normal,,Rock,Ground,0,0,1755,3505,False
turn2,Double Slap,Onix,12.0,85.0,Normal,,Rock,Ground,0,0,1755,3505,False
turn3,Double Slap,Onix,-45.0,85.0,Normal,,Rock,Ground,0,0,1755,3505,False
turn1,Double Slap,Drowzee,130,120,Normal,,Psychic,,0,0,1755,2105,False
turn2,Double Slap,Drowzee,106.0,120,Normal,,Psychic,,1,0,1755,2105,False
turn3,Double Slap,Drowzee,82.0,120,Normal,,Psychic,,1,0,1755,2105,False
turn4,Double Slap,Drowzee,60.0,120,Normal,,Psychic,,1,0,1755,2105,False
turn5,Double Slap,Drowzee,37.0,120,Normal,,Psychic,,1,0,1755,2105,False
turn6,Double Slap,Drowzee,15.0,120,Normal,,Psychic,,1,0,1755,2105,False
turn7,Double Slap,Drowzee,15.0,120,Normal,,Psychic,,0,0,1755,2105,False
turn8,Double Slap,Drowzee,-6.0,120,Normal,,Psychic,,1,0,1755,2105,False
turn1,Double Slap,Hypno,62.0,129.0,Normal,,Psychic,,0,0,1755,3355,False
turn2,Double Slap,Hypno,-7.0,129.0,Normal,,Psychic,,0,0,1755,3355,False
turn1,Double Slap,Krabby,62.0,78.0,Normal,,Water,,0,0,1755,2505,False
turn2,Double Slap,Krabby,0.0,78.0,Normal,,Water,,0,0,1755,2505,False
turn1,Double Slap,Kingler,40.0,91.0,Normal,,Water,,0,0,1755,3755,False
turn2,Double Slap,Kingler,-40.0,91.0,Normal,,Water,,0,0,1755,3755,False
turn1,Double Slap,Voltorb,62.0,70.0,Normal,,Electric,,0,0,1755,5005,False
turn2,Double Slap,Voltorb,1.0,26.0,Normal,,Electric,,0,0,1755,5005,False
turn3,Double Slap,Voltorb,-68.0,26.0,Normal,,Electric,,0,0,1755,5005,False
turn1,Double Slap,Electrode,20.0,96.0,Normal,,Electric,,0,0,1755,7005,False
turn2,Double Slap,Electrode,-85.0,96.0,Normal,,Electric,,0,0,1755,7005,False
turn1,Double Slap,Exeggcute,138,91.0,Normal,,Grass,Psychic,0,0,1755,2005,True
turn2,Double Slap,Exeggcute,115.0,62.0,Normal,,Grass,Psychic,7,0,1755,2005,True
turn3,Double Slap,Exeggcute,91.0,38.0,Normal,,Grass,Psychic,7,0,1755,2005,True
turn4,Double Slap,Exeggcute,66.0,6.0,Normal,,Grass,Psychic,7,0,1755,2005,True
turn5,Double Slap,Exeggcute,37.0,-10.0,Normal,,Grass,Psychic,7,0,1755,2005,True
turn1,Double Slap,Exeggutor,51.0,127.0,Normal,,Grass,Psychic,0,0,1755,2755,False
turn2,Double Slap,Exeggutor,-27.0,127.0,Normal,,Grass,Psychic,0,0,1755,2755,False
turn1,Double Slap,Cubone,86.0,86.0,Normal,,Ground,,0,0,1755,1755,False
turn2,Double Slap,Cubone,45.0,68.0,Normal,,Ground,,0,0,1755,1755,False
turn3,Double Slap,Cubone,0.0,68.0,Normal,,Ground,,0,0,1755,1755,False
turn1,Double Slap,Marowak,63.0,102.0,Normal,,Ground,,0,0,1755,2255,False
turn2,Double Slap,Marowak,0.0,102.0,Normal,,Ground,,0,0,1755,2255,False
turn1,Double Slap,Hitmonlee,-175.0,110,Normal,,Fighting,,0,0,1755,4355,False
turn1,Double Slap,Hitmonchan,67.0,82.0,Normal,,Fighting,,0,0,1755,3805,False
turn2,Double Slap,Hitmonchan,7.0,50.0,Normal,,Fighting,,0,0,1755,3805,False
turn3,Double Slap,Hitmonchan,-56.0,50.0,Normal,,Fighting,,0,0,1755,3805,False
turn1,Double Slap,Lickitung,79.0,126.0,Normal,,Normal,,0,0,1755,1505,False
turn2,Double Slap,Lickitung,29.0,94.0,Normal,,Normal,,0,0,1755,1505,False
turn3,Double Slap,Lickitung,-16.0,59.0,Normal,,Normal,,0,0,1755,1505,False
turn1,Double Slap,Koffing,122,88.0,Normal,,Poison,,0,0,1755,1755,False
turn2,Double Slap,Koffing,94.0,67.0,Normal,,Poison,,3,0,1755,1755,False
turn3,Double Slap,Koffing,68.0,49.0,Normal,,Poison,,3,0,1755,1755,False
turn4,Double Slap,Koffing,41.0,31.0,Normal,,Poison,,3,0,1755,1755,False
turn5,Double Slap,Koffing,15.0,13.0,Normal,,Poison,,3,0,1755,1755,False
turn6,Double Slap,Koffing,-5.0,13.0,Normal,,Poison,,3,0,1755,1755,False
turn1,Double Slap,Weezing,73.0,113.0,Normal,,Poison,,0,0,1755,3005,False
turn2,Double Slap,Weezing,18.0,101.0,Normal,,Poison,,0,0,1755,3005,False
turn3,Double Slap,Weezing,-32.0,101.0,Normal,,Poison,,0,0,1755,3005,False
turn1,Double Slap,Rhyhorn,66.0,97.0,Normal,,Ground,Rock,0,0,1755,1255,False
turn2,Double Slap,Rhyhorn,3.0,57.0,Normal,,Ground,Rock,0,0,1755,1255,False
turn3,Double Slap,Rhyhorn,-58.0,15.0,Normal,,Ground,Rock,0,0,1755,1255,False
turn1,Double Slap,Rhydon,33.0,111.0,Normal,,Ground,Rock,0,0,1755,2005,False
turn2,Double Slap,Rhydon,-75.0,61.0,Normal,,Ground,Rock,0,0,1755,2005,False
turn1,Double Slap,Chansey,121.0,55.0,Normal,,Normal,,0,0,1755,2505,True
turn2,Double Slap,Chansey,113.0,-335.0,Normal,,Normal,,0,0,1755,2505,True
turn1,Double Slap,Tangela,138,87.0,Normal,,Grass,,0,0,1755,3005,True
turn2,Double Slap,Tangela,130.0,61.0,Normal,,Grass,,7,0,1755,3005,True
turn3,Double Slap,Tangela,120.0,41.0,Normal,,Grass,,7,0,1755,3005,True
turn4,Double Slap,Tangela,110.0,15.0,Normal,,Grass,,7,0,1755,3005,True
turn5,Double Slap,Tangela,101.0,-3.0,Normal,,Grass,,7,0,1755,3005,True
turn1,Double Slap,Kangaskhan,78.0,133.0,Normal,,Normal,,0,0,1755,4505,False
turn2,Double Slap,Kangaskhan,3.0,119.0,Normal,,Normal,,0,0,1755,4505,False
turn3,Double Slap,Kangaskhan,-75.0,119.0,Normal,,Normal,,0,0,1755,4505,False
turn1,Double Slap,Horsea,115.0,74.0,Normal,,Water,,0,0,1755,3005,True
turn2,Double Slap,Horsea,101.0,60.0,Normal,,Water,,0,0,1755,3005,True
turn3,Double Slap,Horsea,87.0,44.0,Normal,,Water,,0,0,1755,3005,True
turn4,Double Slap,Horsea,74.0,4.0,Normal,,Water,,0,0,1755,3005,True
turn5,Double Slap,Horsea,61.0,-20.0,Normal,,Water,,0,0,1755,3005,True
turn1,Double Slap,Seadra,78.0,80.0,Normal,,Water,,0,0,1755,4255,False
turn2,Double Slap,Seadra,31.0,62.0,Normal,,Water,,0,0,1755,4255,False
turn3,Double Slap,Seadra,-23.0,62.0,Normal,,Water,,0,0,1755,4255,False
turn1,Double Slap,Goldeen,95.0,87.0,Normal,,Water,,0,0,1755,3155,False
turn2,Double Slap,Goldeen,60.0,60.0,Normal,,Water,,0,0,1755,3155,False
turn3,Double Slap,Goldeen,25.0,33.0,Normal,,Water,,0,0,1755,3155,False
turn4,Double Slap,Goldeen,-10.0,33.0,Normal,,Water,,0,0,1755,3155,False
turn1,Double Slap,Seaking,130,124.0,Normal,,Water,,0,0,1755,3405,False
turn2,Double Slap,Seaking,-65405,124.0,Normal,,Water,,0,0,1755,3405,False
turn1,Double Slap,Staryu,130,40.0,Normal,,Water,,0,0,1755,4255,False
turn2,Double Slap,Staryu,101.0,20.0,Normal,,Water,,5,0,1755,4255,False
turn3,Double Slap,Staryu,47.0,20.0,Normal,,Water,,5,0,1755,4255,False
turn4,Double Slap,Staryu,-4.0,20.0,Normal,,Water,,5,0,1755,4255,False
turn1,Double Slap,Starmie,79.0,80.0,Normal,,Water,Psychic,0,0,1755,5755,False
turn2,Double Slap,Starmie,28.0,59.0,Normal,,Water,Psychic,0,0,1755,5755,False
turn3,Double Slap,Starmie,-24.0,59.0,Normal,,Water,Psychic,0,0,1755,5755,False
turn1,Double Slap,Mr. Mime,85.0,68.0,Normal,,Psychic,Normal,0,0,1755,4505,False
turn2,Double Slap,Mr. Mime,32.0,28.0,Normal,,Psychic,Normal,0,0,1755,4505,False
turn3,Double Slap,Mr. Mime,2.0,4.0,Normal,,Psychic,Normal,0,0,1755,4505,False
turn4,Double Slap,Mr. Mime,-46.0,4.0,Normal,,Psychic,Normal,0,0,1755,4505,False
turn1,Double Slap,Scyther,42.0,102.0,Normal,,Bug,Flying,0,0,1755,5255,False
turn2,Double Slap,Scyther,-44.0,102.0,Normal,,Bug,Flying,0,0,1755,5255,False
turn1,Double Slap,Jynx,106.0,86.0,Normal,,Ice,Psychic,0,0,1755,4755,True
turn2,Double Slap,Jynx,82.0,44.0,Normal,,Ice,Psychic,0,0,1755,4755,True
turn3,Double Slap,Jynx,55.0,18.0,Normal,,Ice,Psychic,0,0,1755,4755,True
turn4,Double Slap,Jynx,30.0,-42.0,Normal,,Ice,Psychic,0,0,1755,4755,True
turn1,Double Slap,Electabuzz,90.0,95.0,Normal,,Electric,,0,0,1755,5255,False
turn2,Double Slap,Electabuzz,50.0,68.0,Normal,,Electric,,0,0,1755,5255,False
turn3,Double Slap,Electabuzz,7.0,23.0,Normal,,Electric,,0,0,1755,5255,False
turn4,Double Slap,Electabuzz,-37.0,23.0,Normal,,Electric,,0,0,1755,5255,False
turn1,Double Slap,Magmar,84.0,105.0,Normal,,Fire,,0,0,1755,4655,False
turn2,Double Slap,Magmar,36.0,69.0,Normal,,Fire,,0,0,1755,4655,False
turn3,Double Slap,Magmar,-8.0,69.0,Normal,,Fire,,2,0,1755,4655,False
turn1,Double Slap,Pinsir,-65405,125,Normal,,Bug,,0,0,1755,4255,False
turn1,Double Slap,Tauros,7.0,57.0,Normal,,Normal,,0,0,1755,5505,False
turn2,Double Slap,Tauros,-71.0,27.0,Normal,,Normal,,0,0,1755,5505,False
turn1,Double Slap,Magikarp,130,53.0,Normal,,Water,,0,0,1755,4005,True
turn2,Double Slap,Magikarp,130,17.0,Normal,,Water,,0,0,1755,4005,True
turn3,Double Slap,Magikarp,130,-10.0,Normal,,Water,,0,0,1755,4005,True
turn1,Double Slap,Gyarados,98.0,131.0,Normal,,Water,Flying,0,0,1755,4055,False
turn2,Double Slap,Gyarados,65.0,110.0,Normal,,Water,Flying,0,0,1755,4055,False
turn3,Double Slap,Gyarados,36.0,86.0,Normal,,Water,Flying,0,0,1755,4055,False
turn4,Double Slap,Gyarados,7.0,70.0,Normal,,Water,Flying,0,0,1755,4055,False
turn5,Double Slap,Gyarados,-25.0,70.0,Normal,,Water,Flying,0,0,1755,4055,False
turn1,Double Slap,Lapras,85.0,176.0,Normal,,Water,Ice,0,0,1755,3005,False
turn2,Double Slap,Lapras,37.0,162.0,Normal,,Water,Ice,0,0,1755,3005,False
turn3,Double Slap,Lapras,-6.0,162.0,Normal,,Water,Ice,0,0,1755,3005,False
turn1,Double Slap,Ditto,130,75.0,Normal,,Normal,,0,0,1755,2405,True
turn2,Double Slap,Ditto,130,31.0,Normal,,Normal,,0,0,1755,2405,True
turn3,Double Slap,Ditto,130,-13.0,Normal,,Normal,,0,0,1755,2405,True
turn1,Double Slap,Eevee,89.0,60.0,Normal,,Normal,,0,0,1755,2755,True
turn2,Double Slap,Eevee,46.0,27.0,Normal,,Normal,,0,0,1755,2755,True
turn3,Double Slap,Eevee,1.0,-17.0,Normal,,Normal,,0,0,1755,2755,True
turn1,Double Slap,Vaporeon,84.0,160.0,Normal,,Water,,0,0,1755,3255,False
turn2,Double Slap,Vaporeon,40.0,142.0,Normal,,Water,,0,0,1755,3255,False
turn3,Double Slap,Vaporeon,-7.0,142.0,Normal,,Water,,0,0,1755,3255,False
turn1,Double Slap,Jolteon,130,101.0,Normal,,Electric,,0,0,1755,6505,True
turn2,Double Slap,Jolteon,108.0,71.0,Normal,,Electric,,4,0,1755,6505,True
turn3,Double Slap,Jolteon,86.0,39.0,Normal,,Electric,,4,0,1755,6505,True
turn4,Double Slap,Jolteon,63.0,39.0,Normal,,Electric,,4,0,1755,6505,True
turn5,Double Slap,Jolteon,43.0,9.0,Normal,,Electric,,4,0,1755,6505,True
turn6,Double Slap,Jolteon,,,Normal,,Electric,,,,1755,6505,True
turn1,Double Slap,Flareon,77.0,107.0,Normal,,Fire,,0,0,1755,3255,False
turn2,Double Slap,Flareon,27.0,83.0,Normal,,Fire,,0,0,1755,3255,False
turn3,Double Slap,Flareon,-23.0,83.0,Normal,,Fire,,0,0,1755,3255,False
turn1,Double Slap,Porygon,68.0,93.0,Normal,,Normal,,0,0,1755,2005,False
turn2,Double Slap,Porygon,-1.0,93.0,Normal,,Normal,,0,0,1755,2005,False
turn1,Double Slap,Omanyte,105.0,86.0,Normal,,Rock,Water,0,0,1755,1755,False
turn2,Double Slap,Omanyte,82.0,80.0,Normal,,Rock,Water,0,0,1755,1755,False
turn3,Double Slap,Omanyte,61.0,65.0,Normal,,Rock,Water,0,0,1755,1755,False
turn4,Double Slap,Omanyte,38.0,56.0,Normal,,Rock,Water,0,0,1755,1755,False
turn5,Double Slap,Omanyte,14.0,44.0,Normal,,Rock,Water,0,0,1755,1755,False
turn6,Double Slap,Omanyte,-11.0,44.0,Normal,,Rock,Water,0,0,1755,1755,False
turn1,Double Slap,Omastar,94.0,120.0,Normal,,Rock,Water,0,0,1755,2755,False
turn2,Double Slap,Omastar,59.0,114.0,Normal,,Rock,Water,0,0,1755,2755,False
turn3,Double Slap,Omastar,24.0,108.0,Normal,,Rock,Water,0,0,1755,2755,False
turn4,Double Slap,Omastar,-11.0,108.0,Normal,,Rock,Water,0,0,1755,2755,False
turn1,Double Slap,Kabuto,80.0,84.0,Normal,,Rock,Water,0,0,1755,2755,False
turn2,Double Slap,Kabuto,34.0,75.0,Normal,,Rock,Water,0,0,1755,2755,False
turn3,Double Slap,Kabuto,-12.0,75.0,Normal,,Rock,Water,0,0,1755,2755,False
turn1,Double Slap,Kabutops,63.0,111.0,Normal,,Rock,Water,0,0,1755,4005,False
turn2,Double Slap,Kabutops,-7.0,111.0,Normal,,Rock,Water,0,0,1755,4005,False
turn1,Double Slap,Aerodactyl,50.0,132.0,Normal,,Rock,Flying,0,0,1755,6505,False
turn2,Double Slap,Aerodactyl,-31.0,132.0,Normal,,Rock,Flying,0,0,1755,6505,False
turn1,Double Slap,Snorlax,-30.0,193.0,Normal,,Normal,,0,0,1755,1505,False
turn1,Double Slap,Articuno,82.0,115.0,Normal,,Ice,Flying,0,0,1755,4255,False
turn2,Double Slap,Articuno,33.0,80.0,Normal,,Ice,Flying,0,0,1755,4255,False
turn3,Double Slap,Articuno,-14.0,80.0,Normal,,Ice,Flying,0,0,1755,4255,False
turn1,Double Slap,Zapdos,68.0,136.0,Normal,,Electric,Flying,0,0,1755,5005,False
turn2,Double Slap,Zapdos,4.0,112.0,Normal,,Electric,Flying,0,0,1755,5005,False
turn3,Double Slap,Zapdos,-65.0,112.0,Normal,,Electric,Flying,0,0,1755,5005,False
turn1,Double Slap,Moltres,-59.0,150,Normal,,Fire,Flying,0,0,1755,4505,False
turn1,Double Slap,Dratini,88.0,53.0,Normal,,Dragon,,0,0,1755,2505,False
turn2,Double Slap,Dratini,42.0,29.0,Normal,,Dragon,,0,0,1755,2505,False
turn3,Double Slap,Dratini,0.0,29.0,Normal,,Dragon,,0,0,1755,2505,False
turn1,Double Slap,Dragonair,90,94.0,Normal,,Dragon,,0,0,1755,3505,False
turn2,Double Slap,Dragonair,50,70.0,Normal,,Dragon,,0,0,1755,3505,False
turn3,Double Slap,Dragonair,10,30.0,Normal,,Dragon,,0,0,1755,3505,False
turn4,Double Slap,Dragonair,-30,30.0,Normal,,Dragon,,0,0,1755,3505,False
turn1,Double Slap,Dragonite,90,123.0,Normal,,Dragon,Flying,0,0,1755,4005,False
turn2,Double Slap,Dragonite,50,102.0,Normal,,Dragon,Flying,0,0,1755,4005,False
turn3,Double Slap,Dragonite,10,84.0,Normal,,Dragon,Flying,0,0,1755,4005,False
turn4,Double Slap,Dragonite,-30,84.0,Normal,,Dragon,Flying,0,0,1755,4005,False
turn1,Double Slap,Mewtwo,130,166,Normal,,Psychic,,0,0,1755,6505,False
turn2,Double Slap,Mewtwo,52.0,166,Normal,,Psychic,,1,0,1755,6505,False
turn3,Double Slap,Mewtwo,-21.0,166,Normal,,Psychic,,1,0,1755,6505,False
turn1,Double Slap,Mew,39.0,146.0,Normal,,Psychic,,0,0,1755,5005,False
turn2,Double Slap,Mew,-51.0,146.0,Normal,,Psychic,,0,0,1755,5005,False
